{
  "project_info": {
    "project_number": "600737417830",
    "project_id": "my-new-project-lr8",
    "storage_bucket": "my-new-project-lr8.firebasestorage.app"
  },
  "client": [
    {
      "client_info": {
        "mobilesdk_app_id": "1:600737417830:android:07f8357f9535a452117ba7",
        "android_client_info": {
          "package_name": "com.example.lr8"
        }
      },
      "oauth_client": [
        {
          "client_id": "600737417830-kj8vud0rro2lu5l7ft7l1c1kue1gaeel.apps.googleusercontent.com",
          "client_type": 3
        }
      ],
      "api_key": [
        {
          "current_key": "AIzaSyCotuJTWTIUuAUYT8K-d1JYB8lndI5WoHo"
        }
      ],
      "services": {
        "appinvite_service": {
          "other_platform_oauth_client": [
            {
              "client_id": "600737417830-kj8vud0rro2lu5l7ft7l1c1kue1gaeel.apps.googleusercontent.com",
              "client_type": 3
            }
          ]
        }
      }
    }
  ],
  "configuration_version": "1"
}